wavelength_nm,source_relative_absorbance,extraction_class,extraction_note
380,0.178,figure-1-digitized,raster-trace-normalized-to-552nm-anchor-neighbourhood
385,0.154,figure-1-digitized,raster-trace-normalized-to-552nm-anchor-neighbourhood
390,0.135,figure-1-digitized,raster-trace-normalized-to-552nm-anchor-neighbourhood
395,0.08550017035775127,figure-1-digitized,raster-trace-normalized-to-552nm-anchor-neighbourhood
400,0.0594,figure-1-digitized,raster-trace-normalized-to-552nm-anchor-neighbourhood
405,0.0428,figure-1-digitized,raster-trace-normalized-to-552nm-anchor-neighbourhood
410,0.03090017035775128,figure-1-digitized,raster-trace-normalized-to-552nm-anchor-neighbourhood
415,0.02610017035775128,figure-1-digitized,raster-trace-normalized-to-552nm-anchor-neighbourhood
420,0.0238,figure-1-digitized,raster-trace-normalized-to-552nm-anchor-neighbourhood
425,0.02610017035775128,figure-1-digitized,raster-trace-normalized-to-552nm-anchor-neighbourhood
430,0.02850017035775128,figure-1-digitized,raster-trace-normalized-to-552nm-anchor-neighbourhood
435,0.0356,figure-1-digitized,raster-trace-normalized-to-552nm-anchor-neighbourhood
440,0.0404,figure-1-digitized,raster-trace-normalized-to-552nm-anchor-neighbourhood
445,0.04870017035775127,figure-1-digitized,raster-trace-normalized-to-552nm-anchor-neighbourhood
450,0.0546,figure-1-digitized,raster-trace-normalized-to-552nm-anchor-neighbourhood
455,0.06650017035775127,figure-1-digitized,raster-trace-normalized-to-552nm-anchor-neighbourhood
460,0.08550017035775127,figure-1-digitized,raster-trace-normalized-to-552nm-anchor-neighbourhood
465,0.0998,figure-1-digitized,raster-trace-normalized-to-552nm-anchor-neighbourhood
470,0.114,figure-1-digitized,raster-trace-normalized-to-552nm-anchor-neighbourhood
475,0.1355001703577513,figure-1-digitized,raster-trace-normalized-to-552nm-anchor-neighbourhood
480,0.164,figure-1-digitized,raster-trace-normalized-to-552nm-anchor-neighbourhood
485,0.1832,figure-1-digitized,raster-trace-normalized-to-552nm-anchor-neighbourhood
490,0.2232,figure-1-digitized,raster-trace-normalized-to-552nm-anchor-neighbourhood
495,0.2636998296422488,figure-1-digitized,raster-trace-normalized-to-552nm-anchor-neighbourhood
500,0.3135001703577512,figure-1-digitized,raster-trace-normalized-to-552nm-anchor-neighbourhood
505,0.3494,figure-1-digitized,raster-trace-normalized-to-552nm-anchor-neighbourhood
510,0.411,figure-1-digitized,raster-trace-normalized-to-552nm-anchor-neighbourhood
515,0.4468,figure-1-digitized,raster-trace-normalized-to-552nm-anchor-neighbourhood
520,0.5036,figure-1-digitized,raster-trace-normalized-to-552nm-anchor-neighbourhood
525,0.5844,figure-1-digitized,raster-trace-normalized-to-552nm-anchor-neighbourhood
530,0.6744,figure-1-digitized,raster-trace-normalized-to-552nm-anchor-neighbourhood
535,0.7628,figure-1-digitized,raster-trace-normalized-to-552nm-anchor-neighbourhood
540,0.8622998296422487,figure-1-digitized,raster-trace-normalized-to-552nm-anchor-neighbourhood
545,0.934,figure-1-digitized,raster-trace-normalized-to-552nm-anchor-neighbourhood
550,1,figure-1-digitized,raster-trace-normalized-to-552nm-anchor-neighbourhood
555,1,figure-1-digitized,raster-trace-normalized-to-552nm-anchor-neighbourhood
560,0.91,figure-1-digitized,raster-trace-normalized-to-552nm-anchor-neighbourhood
565,0.803,figure-1-digitized,raster-trace-normalized-to-552nm-anchor-neighbourhood
570,0.535,figure-1-digitized,raster-trace-normalized-to-552nm-anchor-neighbourhood
575,0.382,figure-1-digitized,raster-trace-normalized-to-552nm-anchor-neighbourhood
580,0.245,figure-1-digitized,raster-trace-normalized-to-552nm-anchor-neighbourhood
585,0.159,figure-1-digitized,raster-trace-normalized-to-552nm-anchor-neighbourhood
590,0.099,figure-1-digitized,raster-trace-normalized-to-552nm-anchor-neighbourhood
595,0.063,figure-1-digitized,raster-trace-normalized-to-552nm-anchor-neighbourhood
600,0.04,figure-1-digitized,raster-trace-normalized-to-552nm-anchor-neighbourhood
605,0.026,figure-1-digitized,raster-trace-normalized-to-552nm-anchor-neighbourhood
610,0.02,figure-1-digitized,raster-trace-normalized-to-552nm-anchor-neighbourhood
615,0.01,figure-1-digitized,raster-trace-normalized-to-552nm-anchor-neighbourhood
620,0.003,figure-1-digitized,raster-trace-normalized-to-552nm-anchor-neighbourhood
625,0,below-sensitivity-extension,explicit-zero-extension-beyond-resolved-figure-trace
630,0,below-sensitivity-extension,explicit-zero-extension-beyond-resolved-figure-trace
635,0,below-sensitivity-extension,explicit-zero-extension-beyond-resolved-figure-trace
640,0,below-sensitivity-extension,explicit-zero-extension-beyond-resolved-figure-trace
645,0,below-sensitivity-extension,explicit-zero-extension-beyond-resolved-figure-trace
650,0,below-sensitivity-extension,explicit-zero-extension-beyond-resolved-figure-trace
655,0,below-sensitivity-extension,explicit-zero-extension-beyond-resolved-figure-trace
660,0,below-sensitivity-extension,explicit-zero-extension-beyond-resolved-figure-trace
665,0,below-sensitivity-extension,explicit-zero-extension-beyond-resolved-figure-trace
670,0,below-sensitivity-extension,explicit-zero-extension-beyond-resolved-figure-trace
675,0,below-sensitivity-extension,explicit-zero-extension-beyond-resolved-figure-trace
680,0,below-sensitivity-extension,explicit-zero-extension-beyond-resolved-figure-trace
685,0,below-sensitivity-extension,explicit-zero-extension-beyond-resolved-figure-trace
690,0,below-sensitivity-extension,explicit-zero-extension-beyond-resolved-figure-trace
695,0,below-sensitivity-extension,explicit-zero-extension-beyond-resolved-figure-trace
700,0,below-sensitivity-extension,explicit-zero-extension-beyond-resolved-figure-trace
705,0,below-sensitivity-extension,explicit-zero-extension-beyond-resolved-figure-trace
710,0,below-sensitivity-extension,explicit-zero-extension-beyond-resolved-figure-trace
715,0,below-sensitivity-extension,explicit-zero-extension-beyond-resolved-figure-trace
720,0,below-sensitivity-extension,explicit-zero-extension-beyond-resolved-figure-trace
725,0,below-sensitivity-extension,explicit-zero-extension-beyond-resolved-figure-trace
730,0,below-sensitivity-extension,explicit-zero-extension-beyond-resolved-figure-trace
735,0,below-sensitivity-extension,explicit-zero-extension-beyond-resolved-figure-trace
740,0,below-sensitivity-extension,explicit-zero-extension-beyond-resolved-figure-trace
745,0,below-sensitivity-extension,explicit-zero-extension-beyond-resolved-figure-trace
750,0,below-sensitivity-extension,explicit-zero-extension-beyond-resolved-figure-trace
755,0,below-sensitivity-extension,explicit-zero-extension-beyond-resolved-figure-trace
760,0,below-sensitivity-extension,explicit-zero-extension-beyond-resolved-figure-trace
765,0,below-sensitivity-extension,explicit-zero-extension-beyond-resolved-figure-trace
770,0,below-sensitivity-extension,explicit-zero-extension-beyond-resolved-figure-trace
775,0,below-sensitivity-extension,explicit-zero-extension-beyond-resolved-figure-trace
780,0,below-sensitivity-extension,explicit-zero-extension-beyond-resolved-figure-trace
